N,Result,Num-of-runs,Mean-time(ms),Median-time(ms),Standard-deviation(ms)
100,72098.945312,0.027938,0.024080,0.010873
125,81768.625000,0.014262,0.013113,0.003664
2000000,10381607.000000,0.083815,0.082016,0.007020
10000000,23221778.000000,0.181176,0.169992,0.030476
100000000,73428864.000000,1.463153,1.454830,0.027650
400000000,146838064.000000,6.998171,6.989956,0.063390
600000000,179844880.000000,10.934245,10.917902,0.044997
800000000,207661168.000000,15.020912,15.015841,0.033330
1000000000,232181392.000000,18.992272,18.988848,0.047387
1250000000,259582608.000000,24.019090,24.018049,0.035106
