N,Result,Mean-time(ms),Median-time(ms),Standard-deviation(ms)
100,72098.945312,0.029651,0.024080,0.011779
125,81768.625000,0.014457,0.013828,0.003621
2000000,10381607.000000,0.083707,0.081778,0.007141
10000000,23221778.000000,0.171921,0.162840,0.031257
100000000,73428864.000000,1.393492,1.384020,0.031437
400000000,146838064.000000,5.488092,5.480051,0.024538
600000000,179844880.000000,8.209424,8.201838,0.024515
800000000,207661168.000000,10.941289,10.933876,0.023668
1000000000,232181392.000000,13.688824,13.682127,0.025096
1250000000,259582608.000000,17.065807,17.059088,0.025759
