File-name,N,Result,Num-of-runs,Mean-time(ms),Median-time(ms),Standard-deviation(ms)
input/int_3771757.txt,3771757,1,11,0.0794367,0.0760555,0.0105422
input/int_10000000.txt,10000000,1,11,0.189478,0.185966,0.0105191
input/int_90000000.txt,90000000,1,11,1.39408,1.38497,0.0278925
input/int_170000000.txt,170000000,1,11,2.60637,2.599,0.0249736
input/int_490000000.txt,490000000,1,11,6.36001,6.38103,0.0386175
input/int_730000000.txt,730000000,1,11,9.52671,9.55915,0.0566426
input/int_1130000000.txt,1130000000,1,11,14.8259,14.8451,0.0671001
input/int_1530000000.txt,1530000000,1,11,20.0968,20.0891,0.0608006
input/int_1950000000.txt,1950000000,1,11,25.6417,25.7001,0.105597
input/int_2110000000.txt,2110000000,1,11,27.5854,27.5919,0.0517652
